{"cameraMode":{"drawMode":0,"name":"Shaded","section":"Shading Mode"},"sceneLighting":true,"audioPlay":false,"sceneViewState":{"m_AlwaysRefresh":false,"showFog":true,"showSkybox":true,"showFlares":true,"showImageEffects":true,"showParticleSystems":true,"showVisualEffectGraphs":true,"m_FxEnabled":true},"in2DMode":false,"pivot":{"x":-0.14816832542419434,"y":0.2688669264316559,"z":-2.048147201538086},"rotation":{"x":-0.0802217349410057,"y":0.8829094767570496,"z":-0.16368333995342256,"w":-0.43271690607070925},"size":6.561688423156738,"orthographic":false}